epoch;acc;loss
0;0.5241812019038768;2.3155147178763693
