epoch;acc;loss
0;0.6965672632121939;1.1037608484768933
1;0.7092297506281616;1.0568772595669662
2;0.7121921782119762;1.045756697054747
