epoch;acc;loss
0;0.4113920152858047;1.846541176978312
1;0.4157517455154747;1.8364723595550978
2;0.4171691940650081;1.8331923736430324
3;0.4179312965236792;1.8314768187588346
4;0.41821599679056815;1.8309504994500427
5;0.41875905225394144;1.8295935575404132
6;0.4190222337237323;1.8290053224452587
7;0.41918688542794125;1.8285654649376726
0;0.40593914412384874;1.8601911337045964
0;0.4061145851415239;1.8577360767968292
