epoch;acc;loss;val_acc;val_loss
0;0.7489786273852861;1.806664979937837;0.6204387383231701;1.7505826796300876
