epoch;acc;loss
0;0.5809903873353915;1.9602239236627466
1;0.6276395267571885;1.708317858519548
2;0.6372217512876833;1.6627517129834966
3;0.6454507223538493;1.6226747945845834
4;0.6539786541853547;1.580287406451288
5;0.6624219758002581;1.5384041964849091
6;0.6734797341081193;1.483347890902095
7;0.6851273739260773;1.4266907719865793
8;0.6885701427395654;1.4105460754864787
9;0.6900854066186409;1.4033103497279134
