epoch;acc;loss
0;0.937203499240958;0.3969755534644481
1;0.9372610993884144;0.39623219884905797
2;0.9372722394169329;0.3955284464511383
3;0.9372760994268146;0.3954153770430283
