epoch;acc;loss
0;0.5004534754583163;1.0000152310012356
0;0.9746693849856616;0.05762242423055731
1;1.0;2.785224964225709e-06
2;1.0;2.4225562248157296e-07
3;1.0;1.7198266277773655e-07
4;1.0;1.7198266277773655e-07
