epoch;acc;loss
0;0.44022196701399924;1.6889074719778832
1;0.44795950080543284;1.666701908803506
2;0.44945314548341864;1.6626276582004018
3;0.4504520380132524;1.6600859342645509
4;0.45107707711796063;1.6584731748999244
5;0.4514464769513125;1.6574082500957483
6;0.4517512453918515;1.6566115392752403
