epoch;acc;loss
0;0.44109992978532386;1.6875158021070131
1;0.4488594677340224;1.6655172026332408
2;0.4504591761742833;1.6612249515140411
3;0.4513019757436598;1.6589733524043069
4;0.45183789645967076;1.6575568580342546
5;0.4522307436002352;1.6565692381963995
6;0.4525136630609229;1.6557542783150356
