epoch;acc;loss
0;0.44480887170378347;1.6759997702543532
1;0.453672155560764;1.6522064883604541
2;0.4562640839020689;1.6457966955544754
3;0.4577094994398716;1.6422412379073041
4;0.45876473688862585;1.6397309654327128
5;0.45950266756181274;1.6378712634224086
6;0.460093676259693;1.6364315316779081
7;0.4605487650608991;1.6352900062105626
