epoch;1_acc;1_loss;2_acc;2_loss;3_acc;3_loss;loss
0;0.6157654852161857;1.6500432502819564;0.4558790421854144;1.649925836204899;0.6157654852161857;0.014049314890822364;1.885282408340232
1;0.6344983319048735;1.6174087095327299;0.46913665556175715;1.6167943914824794;0.6344983319048735;0.011532836181568563;1.8367523294239847
2;0.6414845742477993;1.6058800470417578;0.474105017369939;1.604932427080499;0.6414845742477993;0.010636279830330367;1.8195546891111476
3;0.6447797045571013;1.600411020022797;0.47641321932800484;1.5992617521193269;0.6447797045571013;0.010205783775109539;1.8113661146676148
4;0.6474591374420009;1.5964684479759266;0.47814167846842626;1.5951387992895074;0.6474591374420009;0.009899527692052915;1.8054799664682013
5;0.6489160981793841;1.5941515843033116;0.4791599681749746;1.592697811347958;0.6489160981793841;0.009717996459670242;1.8020113477118629
