epoch;acc;loss
0;0.45949959504902116;1.6486834415013174
1;0.4774343177457414;1.6037628365655594
2;0.4859909089622529;1.584263761321777
3;0.4933103637656518;1.5687322104976613
4;0.5023395167601539;1.5501236205318323
5;0.5136563107054043;1.526830782641339
6;0.5285713119666863;1.495357084401586
7;0.5426227664383779;1.4655587692470777
8;0.5486550711482234;1.4530865237034414
9;0.5468863434689427;1.4578585726719429
