epoch;1_acc;1_loss;2_acc;2_loss;3_acc;3_loss;loss
0;0.5635848482725234;1.8096269665893159;0.42589570646911945;1.812417601175097;0.5635848482725234;0.02911766050787161;2.136457030354254
1;0.5783046800686235;1.7821838944190578;0.43734566623352356;1.7842391658726715;0.5783046800686235;0.026438860417592865;2.0928021136274935
2;0.5834025380274154;1.7727124469729607;0.441193394143226;1.7742014539389204;0.5834025380274154;0.025534645393936267;2.077805819921575
