epoch;acc;loss
0;0.3994847269287607;1.8768714940131626
1;0.42459747152721156;1.821481369649413
2;0.4373808989205395;1.7891269246267387
3;0.4477922574611021;1.7641820573243034
4;0.4604036352170811;1.7347426056327306
5;0.4771375691118019;1.6957340986933749
6;0.5050890995507202;1.6283904474250388
7;0.544742062228224;1.5278988810705902
8;0.5649163253541581;1.4750456233795026
9;0.5675936114579087;1.4681505699053392
