epoch;acc;loss
0;0.41670607950298955;1.8331272003200005
1;0.43132857353665577;1.7994758985599497
2;0.4368341619318182;1.7854262754829346
3;0.4399000692179644;1.7774464663870877
4;0.44208091282782985;1.7718154675190434
5;0.4437017491337138;1.7675732562263013
6;0.4449489597134461;1.7642730824210946
7;0.4455994705675024;1.7625918894103079
8;0.41940811474470036;1.839861941638889
9;0.44109738341231824;1.7735336592929942
