epoch,1_acc,1_loss,2_acc,2_loss,3_acc,3_loss,loss
0,0.7251540259256234,1.8211091465948746,0.4227184610617865,1.8212201608136118,0.7251540259256234,0.01295145611713553,2.0679884431974034
1,0.7344022425179202,1.8037349631515778,0.4297650693802714,1.803116125212994,0.7344022425179202,0.01122265921529319,2.0401598718505376
2,0.7398589128743592,1.7978026838161607,0.43232823931487024,1.7968038515275613,0.7398589128743592,0.010651292947590001,2.030739533101974
