epoch;1_acc;1_loss;2_acc;2_loss;3_acc;3_loss;loss
0;0.7313953745315723;1.8123001445488098;0.42645860349827436;1.8118107066884923;0.7313953745315723;0.012079750152052685;2.053879966300944
1;0.7416564105035024;1.7963574428503037;0.43307412788842486;1.7950142658949457;0.7416564105035024;0.010512986997741964;2.02842380457045
2;0.7440289725574111;1.792510084350038;0.4346737283687228;1.7908654903443844;0.7440289725574111;0.010135057308433296;2.0222719198036025
3;0.7452541778774481;1.790555680355866;0.435486456838917;1.7887358723626088;0.7452541778774481;0.009942526502703754;2.0191419003706885
4;0.7460333717254732;1.7893011175542002;0.43601747653394124;1.7873631296167185;0.7460333717254732;0.009818652804078905;2.0171306943149454
5;0.7466019844997651;1.7884022197103666;0.4363907448989881;1.7863740798127847;0.7466019844997651;0.009729824589296577;2.0156887500640126
6;0.7470204742479629;1.7877210271115773;0.43667365027084565;1.7856226097749404;0.7470204742479629;0.009662483953286652;2.0145957079400554
7;0.7473658319952723;1.7871819079332483;0.43689854064663447;1.7850271318177302;0.7473658319952723;0.009609154001695255;2.013730391511573
