epoch;acc;loss
0;0.9372138992675821;0.33505246019737184
