epoch;acc;loss
0;0.9372458893494767;0.3338006610854785
1;0.9371865291975148;0.33614872838895027
2;0.9372278493032942;0.3345073050774095
3;0.9372672994042864;0.3334520604735175
