File Name,Total Length,Original Size,MFCompress,MFCompress-bpb, BSC, DeepZipc, DeepZipModel
celeg_chr1,15072434,15072434,3338949,1.7722148924321048,3485394,3401776,142200
celegchr,100286401,100286401,22105104,1.7633580449257522,23384908,22932801,142200
human_truncated_chr1,100000000,100000000,21171341,1.69370728,22210884,21452620,142200
human_chr20,64444167,64444167,13324849,1.6541263075058446,13899480,13380519,142200
text8,100000000,100000000,-,-,20949978,20733998,1690776